{"cameraMode":{"drawMode":0,"name":"Shaded","section":"Shading Mode"},"sceneLighting":true,"audioPlay":false,"sceneViewState":{"m_AlwaysRefresh":false,"showFog":true,"showSkybox":true,"showFlares":true,"showImageEffects":true,"showParticleSystems":true,"showVisualEffectGraphs":true,"m_FxEnabled":true},"in2DMode":false,"pivot":{"x":-5.599905967712402,"y":-0.18373075127601624,"z":4.874878883361816},"rotation":{"x":0.09181931614875794,"y":-0.9049983024597168,"z":0.2510686218738556,"w":0.33106619119644167},"size":13.951847076416016,"orthographic":false}