{"cameraMode":{"drawMode":0,"name":"Shaded","section":"Shading Mode"},"sceneLighting":true,"audioPlay":false,"sceneViewState":{"m_AlwaysRefresh":false,"showFog":true,"showSkybox":true,"showFlares":true,"showImageEffects":true,"showParticleSystems":true,"showVisualEffectGraphs":true,"m_FxEnabled":true},"in2DMode":false,"pivot":{"x":2.524991989135742,"y":0.8226509094238281,"z":-9.773656845092774},"rotation":{"x":0.07276106625795365,"y":-0.9269593954086304,"z":0.24759934842586518,"w":0.2724786102771759},"size":26.969554901123048,"orthographic":false}