{"cameraMode":{"drawMode":0,"name":"Shaded","section":"Shading Mode"},"sceneLighting":true,"audioPlay":false,"sceneViewState":{"m_AlwaysRefresh":false,"showFog":true,"showSkybox":true,"showFlares":true,"showImageEffects":true,"showParticleSystems":true,"showVisualEffectGraphs":true,"m_FxEnabled":true},"in2DMode":false,"pivot":{"x":430.00238037109377,"y":4.972265243530273,"z":251.99427795410157},"rotation":{"x":0.017407000064849855,"y":-0.9578523635864258,"z":0.28151896595954897,"w":0.05667450278997421},"size":9.206799507141114,"orthographic":true}