{"cameraMode":{"drawMode":0,"name":"Shaded","section":"Shading Mode"},"sceneLighting":false,"audioPlay":false,"sceneViewState":{"m_AlwaysRefresh":false,"showFog":true,"showSkybox":false,"showFlares":true,"showImageEffects":true,"showParticleSystems":true,"showVisualEffectGraphs":true,"m_FxEnabled":true},"in2DMode":false,"pivot":{"x":0.39762920141220095,"y":4.097437858581543,"z":-1.0242931842803956},"rotation":{"x":0.03829880431294441,"y":-0.8841160535812378,"z":0.07365617156028748,"w":0.459934800863266},"size":2.7960357666015627,"orthographic":false}